Label,Image
YELLOW-10,https://i.ibb.co/3RmjqHb/YELLOW-10.jpg
YELLOW-9,https://i.ibb.co/VvyB0K6/YELLOW-9.jpg
YELLOW-8,https://i.ibb.co/6FpFvyR/YELLOW-8.jpg
YELLOW-7,https://i.ibb.co/k6bdrdp/YELLOW-7.jpg
YELLOW-6,https://i.ibb.co/jHPv3nb/YELLOW-6.jpg
YELLOW-5,https://i.ibb.co/C2b98SN/YELLOW-5.jpg
YELLOW-4,https://i.ibb.co/zPqRnRP/YELLOW-4.jpg
YELLOW-3,https://i.ibb.co/3f0KwQt/YELLOW-3.jpg
YELLOW-2,https://i.ibb.co/SKxVkZg/YELLOW-2.jpg
YELLOW-1,https://i.ibb.co/hHppj7f/YELLOW-1.jpg
RED-10,https://i.ibb.co/pygyC3C/RED-10.jpg
RED-9,https://i.ibb.co/Y0qKrSJ/RED-9.jpg
RED-8,https://i.ibb.co/TM2WCmM/RED-8.jpg
RED-7,https://i.ibb.co/XJsnMFg/RED-7.jpg
RED-6,https://i.ibb.co/WzPZ9Vg/RED-6.jpg
RED-5,https://i.ibb.co/ncHphPZ/RED-5.jpg
RED-4,https://i.ibb.co/HqY2zch/RED-4.jpg
RED-3,https://i.ibb.co/QpMJ1TK/RED-3.jpg
RED-2,https://i.ibb.co/GnfpK98/RED-2.jpg
RED-1,https://i.ibb.co/pQpt8xV/RED-1.jpg
GREEN-10,https://i.ibb.co/6mRHWkM/GREEN-10.jpg
GREEN-9,https://i.ibb.co/TMPVbHp/GREEN-9.jpg
GREEN-8,https://i.ibb.co/NWWQkFF/GREEN-8.jpg
GREEN-7,https://i.ibb.co/WxHmj1n/GREEN-7.jpg
GREEN-6,https://i.ibb.co/N98rPVs/GREEN-6.jpg
GREEN-5,https://i.ibb.co/9bnbJ9t/GREEN-5.jpg
GREEN-4,https://i.ibb.co/qC5m2MH/GREEN-4.jpg
GREEN-3,https://i.ibb.co/rd7rbWm/GREEN-3.jpg
GREEN-2,https://i.ibb.co/60NDv7S/GREEN-2.jpg
GREEN-1,https://i.ibb.co/wNjqK6B/GREEN-1.jpg
BLUE-10,https://i.ibb.co/wg9nGnn/BLUE-10.jpg
BLUE-9,https://i.ibb.co/SXcWt7v/BLUE-9.jpg
BLUE-8,https://i.ibb.co/7N5Bf5p/BLUE-8.jpg
BLUE-7,https://i.ibb.co/47BWxn3/BLUE-7.jpg
BLUE-6,https://i.ibb.co/bL73yj5/BLUE-6.jpg
BLUE-5,https://i.ibb.co/74Jh6QX/BLUE-5.jpg
BLUE-4,https://i.ibb.co/kGn0vqT/BLUE-4.jpg
BLUE-3,https://i.ibb.co/D5vRXrG/BLUE-3.jpg
BLUE-1,https://i.ibb.co/7pddLFN/BLUE-1.jpg
BLUE-2,https://i.ibb.co/4p6mzyH/BLUE-2.jpg