70238,Cleveland Circle
70007,Jackson Square
70197,Park Street
70240,Prudential
70087,Savin Hill
70059,Wonderland
70160,Riverside
70265,Butler
70154,Copley
70111,South Street
70258,Back of the Hill
70271,Valley Road
70091,Shawmut
70252,Fenwood Road
70204,Haymarket
70104,Quincy Adams
70202,Government Center
70067,Harvard
70199,Park Street
70060,Wonderland
70032,Wellington
70030,Sullivan Square
70024,Haymarket
70063,Davis
70128,Griggs Street
70146,Boston University East
70029,Community College
70115,Chiswick Road
70260,Heath Street
70155,Copley
70027,North Station
70267,Milton
70177,Beaconsfield
70228,Fairbanks Street
70274,Capen Street
70158,Boylston
70009,Roxbury Crossing
70096,JFK/UMass
70076,Park Street
70213,Hawes Street
70257,Back of the Hill
70038,Bowdoin
70141,Saint Paul Street
70266,Butler
70157,Arlington
70232,Tappan Street
70015,Back Bay
70131,Harvard Avenue
70057,Revere Beach
70044,Aquarium
70164,Waban
70211,Saint Marys Street
70036,Oak Grove
70100,Wollaston
70152,Hynes Convention Center
70251,Fenwood Road
70245,Museum of Fine Arts
70127,Allston Street
70273,Capen Street
70183,Longwood
70196,Park Street
70075,Park Street
70156,Arlington
70050,Wood Island
70229,Washington Square
70226,Brandon Hall
70275,Mattapan
70247,Longwood Medical Area
70083,Andrew
70092,Shawmut
70086,JFK/UMass
70114,Chiswick Road
70261,Ashmont
70167,Eliot
70239,Prudential
70142,Boston University West
70110,South Street
70121,Washington Street
70170,Newton Centre
70066,Porter
70035,Malden Center
70003,Green Street
70008,Roxbury Crossing
70117,Sutherland Road
70102,Quincy Center
70173,Chestnut Hill
70041,State
70126,Allston Street
70033,Wellington
70242,Symphony
70042,State
70140,Saint Paul Street
70074,Charles/MGH
70203,Haymarket
70017,Tufts Medical Center
70838,Bowdoin
70159,Boylston
70153,Hynes Convention Center
70098,North Quincy
70105,Braintree
70216,Kent Street
70055,Beachmont
70099,Wollaston
70165,Waban
70149,Blandford Street
70230,Washington Square
70054,Suffolk Downs
70005,Stony Brook
70135,Packards Corner
70002,Green Street
70244,Northeastern University
70172,Chestnut Hill
70186,Fenway
70198,Park Street
70139,Pleasant Street
70016,Tufts Medical Center
70254,Mission Park
70264,Cedar Grove
70014,Back Bay
70039,Government Center
70148,Blandford Street
70093,Ashmont
70045,Maverick
70212,Saint Marys Street
70278,Assembly
71150,Kenmore
70130,Harvard Avenue
70175,Reservoir
70223,Summit Avenue
70001,Forest Hills
70233,Dean Road
70143,Boston University West
70150,Kenmore
70081,Broadway
70058,Revere Beach
70077,Downtown Crossing
70090,Fields Corner
70048,Airport
70268,Milton
70022,State
70010,Ruggles
70182,Longwood
70106,Boston College
70025,Haymarket
70034,Malden Center
70112,Chestnut Hill Avenue
70187,Fenway
70217,Saint Paul Street
71199,Park Street
70026,North Station
70088,Savin Hill
70082,Broadway
70147,Boston University East
70004,Stony Brook
70168,Newton Highlands
70094,Ashmont
70237,Cleveland Circle
70021,Downtown Crossing
70006,Jackson Square
70180,Brookline Village
70138,Pleasant Street
70162,Woodland
70073,Charles/MGH
70134,Packards Corner
70069,Central
70144,Boston University Central
70231,Tappan Street
70023,State
70243,Northeastern University
70046,Maverick
70095,JFK/UMass
70011,Ruggles
70161,Riverside
70250,Brigham Circle
70255,Riverway
70279,Assembly
70079,South Station
70061,Alewife
70181,Brookline Village
70169,Newton Highlands
70201,Government Center
70246,Museum of Fine Arts
70072,Kendall/MIT
70179,Brookline Hills
70256,Riverway
70166,Eliot
70084,Andrew
70089,Fields Corner
70269,Central Avenue
70080,South Station
70101,Quincy Center
70236,Englewood Avenue
70047,Airport
70276,Mattapan
70019,Chinatown
70200,Park Street
70137,Babcock Street
70145,Boston University Central
70078,Downtown Crossing
70064,Davis
70049,Wood Island
70020,Downtown Crossing
70218,Saint Paul Street
70113,Chestnut Hill Avenue
71151,Kenmore
70225,Brandon Hall
70053,Suffolk Downs
70136,Babcock Street
70065,Porter
70129,Griggs Street
70234,Dean Road
70028,Community College
70103,Quincy Adams
70031,Sullivan Square
70224,Summit Avenue
70241,Symphony
70178,Brookline Hills
70124,Warren Street
70151,Kenmore
70068,Harvard
70248,Longwood Medical Area
70116,Sutherland Road
70219,Coolidge Corner
70235,Englewood Avenue
70253,Mission Park
70176,Beaconsfield
70215,Kent Street
70085,JFK/UMass
70205,North Station
70171,Newton Centre
70040,Government Center
70272,Valley Road
70107,Boston College
70071,Kendall/MIT
70163,Woodland
70070,Central
70220,Coolidge Corner
70206,North Station
70043,Aquarium
70174,Reservoir
70120,Washington Street
70018,Chinatown
70056,Beachmont
70214,Hawes Street
70051,Orient Heights
70097,North Quincy
70013,Massachusetts Avenue
70125,Warren Street
70270,Central Avenue
70249,Brigham Circle
70263,Cedar Grove
70227,Fairbanks Street
70052,Orient Heights
70012,Massachusetts Avenue
